{"cameraMode":{"drawMode":0,"name":"Shaded","section":"Shading Mode"},"sceneLighting":true,"audioPlay":false,"sceneViewState":{"m_AlwaysRefresh":false,"showFog":true,"showSkybox":true,"showFlares":true,"showImageEffects":true,"showParticleSystems":true,"showVisualEffectGraphs":true,"m_FxEnabled":true},"in2DMode":false,"pivot":{"x":2.805485486984253,"y":6.289226531982422,"z":-0.8168315887451172},"rotation":{"x":0.056948184967041019,"y":-0.02695239894092083,"z":0.0015380179975181819,"w":0.998013973236084},"size":35.123863220214847,"orthographic":false}